Type,Rating
Free,4.166372497365648
Paid,4.259602649006623
