Type,Rating
Free,4.186202546163551
Paid,4.26661514683153
